season_year,game_id,month,weekend,holiday,opp_smv,rank_diff,capacity,base_price_usd,attendance_rate
2015,2015_H01,12,0.0,0.0,-0.8905918387572742,-2.2733539258586126,18064.0,345.0,1.0
2015,2015_H02,11,0.0,0.0,0.060143602597438485,6.701076227772668,18064.0,345.0,1.0
2015,2015_H03,10,0.0,0.0,0.4898420501851982,1.7844350408003038,18064.0,345.0,1.0
2015,2015_H04,12,1.0,0.0,-0.02925182246327349,3.476515972291439,18064.0,345.0,1.0
2015,2015_H05,11,0.0,0.0,-1.901222739800844,-6.44768869892488,18064.0,345.0,1.0
2015,2015_H06,12,1.0,0.0,-1.2674464814437032,1.3563217941085077,18064.0,345.0,1.0
2015,2015_H07,11,0.0,0.0,-2.516759710820513,-2.693464479233183,18064.0,345.0,1.0
2015,2015_H08,10,0.0,0.0,0.11330898600330756,-7.650678827526968,18064.0,345.0,1.0
2015,2015_H09,11,1.0,0.0,-0.9785190780566395,-4.044186197127996,18064.0,345.0,1.0
2015,2015_H10,10,1.0,0.0,-0.8075346753318965,-0.16260852472760298,18064.0,345.0,1.0
2015,2015_H11,11,1.0,0.0,-0.11170194958415963,0.552320716247403,18064.0,345.0,1.0
2015,2015_H12,12,0.0,0.0,0.0761402303770081,6.794117108707688,18064.0,345.0,1.0
2015,2015_H13,11,0.0,0.0,0.11935402569658124,-3.207351970536107,18064.0,345.0,1.0
2015,2015_H14,10,0.0,0.0,0.7622597120847118,-5.996444510526117,18064.0,345.0,1.0
2015,2015_H15,11,1.0,0.0,-0.1887821253507493,3.41455133597603,18064.0,345.0,1.0
2015,2015_H16,11,0.0,0.0,0.6672475608343279,7.19261295828076,18064.0,345.0,1.0
2015,2015_H17,11,0.0,0.0,-0.46330757653841514,0.6363420561291542,18064.0,345.0,1.0
2015,2015_H18,11,0.0,0.0,-0.5793015965026732,-0.9809798640224834,18064.0,345.0,1.0
2015,2015_H19,12,0.0,0.0,-0.7946423659870495,3.234517112867109,18064.0,345.0,1.0
2015,2015_H20,10,0.0,0.0,-0.46316986495236695,-0.4864346283504451,18064.0,345.0,1.0
2015,2015_H21,4,0.0,0.0,-0.32721342022219785,-1.8428794704997955,18064.0,345.0,1.0
2015,2015_H22,4,1.0,0.0,1.5235294004561601,-2.140124712864336,18064.0,345.0,1.0
2015,2015_H23,1,1.0,0.0,-0.19728422796572256,-5.570335715755281,18064.0,345.0,1.0
2015,2015_H24,3,0.0,0.0,-0.4435812229744192,5.830638880951113,18064.0,345.0,1.0
2015,2015_H25,3,0.0,0.0,0.6683810232673438,-1.699347758565747,18064.0,345.0,1.0
2015,2015_H26,1,1.0,0.0,0.5833823541804138,-6.454466226617436,18064.0,345.0,1.0
2015,2015_H27,4,1.0,0.0,-2.0353289449399323,-1.5223843885571862,18064.0,345.0,1.0
2015,2015_H28,1,0.0,0.0,2.2447566264860495,-4.158615907060408,18064.0,345.0,1.0
2015,2015_H29,1,0.0,0.0,-0.1764060659057582,-1.0296516512660823,18064.0,345.0,1.0
2015,2015_H30,3,0.0,0.0,0.5199076370338984,-5.168379160368444,18064.0,345.0,1.0
2015,2015_H31,2,0.0,0.0,-1.0544846220491104,1.2991955033718168,18064.0,345.0,1.0
2015,2015_H32,1,0.0,0.0,0.1927459126050724,0.44653242884525146,18064.0,345.0,1.0
2015,2015_H33,2,0.0,0.0,-1.9977462929070549,-5.657037352615292,18064.0,345.0,1.0
2015,2015_H34,4,1.0,0.0,-2.1285670418221447,4.233042607405817,18064.0,345.0,1.0
2015,2015_H35,2,0.0,0.0,-0.8454970328793241,3.8949554217123064,18064.0,345.0,1.0
2015,2015_H36,2,1.0,0.0,-1.5368349402914887,6.2457437477922735,18064.0,345.0,1.0
2015,2015_H37,1,0.0,0.0,-0.15986696597063635,-4.875761613893731,18064.0,345.0,1.0
2015,2015_H38,4,0.0,0.0,-0.5428919317301868,-0.2559520634583829,18064.0,345.0,1.0
2015,2015_H39,2,0.0,0.0,-1.2777251516511705,6.285346568571963,18064.0,345.0,1.0
2015,2015_H40,2,0.0,0.0,0.9659216187288089,0.06662298456629881,18064.0,345.0,1.0
2015,2015_H41,4,0.0,0.0,-0.5602310505028996,0.03979549592456829,18064.0,345.0,1.0
2016,2016_H01,12,1.0,0.0,-1.3785746841359137,-4.034229638105603,18064.0,345.0,1.0
2016,2016_H02,11,0.0,0.0,-1.0540937876234928,1.6866316628751543,18064.0,345.0,1.0
2016,2016_H03,10,0.0,0.0,-1.454024302481208,-1.0426092412563532,18064.0,345.0,1.0
2016,2016_H04,11,0.0,0.0,0.7349267092583915,-0.11721959277422325,18064.0,345.0,1.0
2016,2016_H05,10,0.0,0.0,-0.7523114724455892,2.273920814984583,18064.0,345.0,1.0
2016,2016_H06,12,0.0,0.0,-1.2161027602081953,6.677659276500113,18064.0,345.0,1.0
2016,2016_H07,11,0.0,0.0,0.2916803563558019,-0.1689521738368616,18064.0,345.0,1.0
2016,2016_H08,12,0.0,1.0,-0.3018676045339098,-0.7572182408564601,18064.0,345.0,1.0
2016,2016_H09,11,1.0,0.0,1.1765083202520015,3.402554873165691,18064.0,345.0,1.0
2016,2016_H10,12,1.0,0.0,0.949529931735302,4.832235671104381,18064.0,345.0,1.0
2016,2016_H11,11,1.0,0.0,0.541883841603518,3.907215269427025,18064.0,345.0,1.0
2016,2016_H12,12,0.0,0.0,1.5149729826647176,-6.232965291428542,18064.0,345.0,1.0
2016,2016_H13,11,0.0,0.0,0.4939320790307585,4.368095567622512,18064.0,345.0,1.0
2016,2016_H14,11,0.0,0.0,-1.145176907189325,-8.443357901339285,18064.0,345.0,1.0
2016,2016_H15,12,1.0,0.0,-0.0124053886475133,4.19863738502597,18064.0,345.0,1.0
2016,2016_H16,10,0.0,0.0,0.259299020337227,0.2219294480664852,18064.0,345.0,1.0
2016,2016_H17,10,0.0,0.0,0.03853476377021816,-4.302578036836398,18064.0,345.0,1.0
2016,2016_H18,11,0.0,0.0,-0.9717086910493917,-8.217406612055534,18064.0,345.0,1.0
2016,2016_H19,11,0.0,0.0,-0.061398628422175805,2.0326426831640694,18064.0,345.0,1.0
2016,2016_H20,12,1.0,0.0,-0.8866418670580481,0.9770395887470107,18064.0,345.0,1.0
2016,2016_H21,4,1.0,0.0,0.3560662888202746,1.6987796270910809,18064.0,345.0,1.0
2016,2016_H22,3,0.0,0.0,0.8879023778350454,-0.4474398094420915,18064.0,345.0,1.0
2016,2016_H23,1,1.0,0.0,-0.4601938127246543,3.71598631721977,18064.0,345.0,1.0
2016,2016_H24,3,1.0,0.0,-0.29071668060054134,5.772848734931434,18064.0,345.0,1.0
2016,2016_H25,2,0.0,0.0,-2.200415672482062,-3.4603627523724527,18064.0,345.0,1.0
2016,2016_H26,2,1.0,0.0,-0.6858059470451603,-2.6505767488615604,18064.0,345.0,1.0
2016,2016_H27,1,1.0,0.0,-1.1725457074049794,-4.703499341012112,18064.0,345.0,1.0
2016,2016_H28,1,0.0,0.0,-0.05346178883805718,0.19200130777673247,18064.0,345.0,1.0
2016,2016_H29,1,1.0,0.0,0.21570470002449457,-5.214341787950053,18064.0,345.0,1.0
2016,2016_H30,4,0.0,0.0,1.0938456759004787,-6.355254108620637,18064.0,345.0,1.0
2016,2016_H31,4,0.0,0.0,-0.007358286291270949,-6.623227753220683,18064.0,345.0,1.0
2016,2016_H32,2,0.0,0.0,-0.46358376160908316,3.858605827822616,18064.0,345.0,1.0
2016,2016_H33,1,0.0,0.0,0.2503980162775905,-0.3067203991662425,18064.0,345.0,1.0
2016,2016_H34,4,1.0,0.0,-0.2693470462204049,-0.8912938169114857,18064.0,345.0,1.0
2016,2016_H35,4,0.0,0.0,0.33442706039101433,-0.027775151013318847,18064.0,345.0,1.0
2016,2016_H36,4,0.0,0.0,-0.3894303048753847,-9.083775056695298,18064.0,345.0,1.0
2016,2016_H37,1,0.0,0.0,0.9168480445117076,3.3444922322346873,18064.0,345.0,1.0
2016,2016_H38,3,0.0,0.0,-0.2520065902673078,-1.0180021286147312,18064.0,345.0,1.0
2016,2016_H39,2,0.0,0.0,1.5118295115637772,2.778439509040393,18064.0,345.0,1.0
2016,2016_H40,1,0.0,1.0,1.6027050111724899,2.533436521135519,18064.0,345.0,1.0
2016,2016_H41,2,0.0,0.0,-0.34618184215272274,-5.545267058502638,18064.0,345.0,1.0
2017,2017_H01,12,0.0,0.0,-0.2272425830005601,-1.1051717571948918,18064.0,345.0,1.0
2017,2017_H02,11,0.0,0.0,-1.593010878745609,-1.1769917598254551,18064.0,345.0,1.0
2017,2017_H03,11,0.0,0.0,-0.7705986765648598,2.8852337365034773,18064.0,345.0,1.0
2017,2017_H04,12,0.0,0.0,0.6028667778152261,-3.0078812606173306,18064.0,345.0,1.0
2017,2017_H05,12,0.0,0.0,0.4609194157133795,10.07758026737704,18064.0,345.0,1.0
2017,2017_H06,11,0.0,0.0,-0.2028761960646632,-5.224660117845429,18064.0,345.0,1.0
2017,2017_H07,10,1.0,0.0,-1.1069310243514836,6.398336359218948,18064.0,345.0,1.0
2017,2017_H08,10,0.0,0.0,1.0813575693313382,7.6217900189140355,18064.0,345.0,1.0
2017,2017_H09,10,0.0,0.0,1.9522509436867783,-0.9836420103285832,18064.0,345.0,1.0
2017,2017_H10,12,1.0,0.0,-0.6541775125499623,0.20853540173173177,18064.0,345.0,1.0
2017,2017_H11,12,1.0,0.0,-0.855375383832596,-2.520856146704818,18064.0,345.0,1.0
2017,2017_H12,10,0.0,0.0,-0.20531142710368377,1.0722697272154065,18064.0,345.0,1.0
2017,2017_H13,12,0.0,0.0,0.20659237721603418,-0.4198485176658801,18064.0,345.0,1.0
2017,2017_H14,10,0.0,0.0,1.8708757733280048,2.9598614238541527,18064.0,345.0,1.0
2017,2017_H15,10,1.0,0.0,0.38795708601520174,-9.733392058836037,18064.0,345.0,1.0
2017,2017_H16,10,1.0,0.0,0.8546392524687652,3.531175300683321,18064.0,345.0,1.0
2017,2017_H17,12,0.0,0.0,-0.678738318216024,3.184203730651051,18064.0,345.0,1.0
2017,2017_H18,11,0.0,0.0,0.21693048795465586,-3.8965556401605843,18064.0,345.0,1.0
2017,2017_H19,12,0.0,0.0,-1.1515191595274716,0.581776178460921,18064.0,345.0,1.0
2017,2017_H20,11,0.0,0.0,1.1121072717293008,5.3132530289407764,18064.0,345.0,1.0
2017,2017_H21,4,1.0,0.0,0.5145205633180888,-0.6603475260967842,18064.0,345.0,1.0
2017,2017_H22,3,1.0,0.0,-0.3391456571420661,-6.498576365170753,18064.0,345.0,1.0
2017,2017_H23,4,0.0,0.0,-0.19123540391952007,1.0821242556381159,18064.0,345.0,1.0
2017,2017_H24,2,1.0,0.0,-1.7331324950160742,-3.92065036907947,18064.0,345.0,1.0
2017,2017_H25,2,1.0,0.0,-0.3770744504010968,5.145896163489243,18064.0,345.0,1.0
2017,2017_H26,4,0.0,0.0,-1.2133821388278598,-4.653818879953226,18064.0,345.0,1.0
2017,2017_H27,1,0.0,0.0,1.3477123038624088,2.9901351554694373,18064.0,345.0,1.0
2017,2017_H28,2,1.0,0.0,-0.383700881075084,-1.4785311066616293,18064.0,345.0,1.0
2017,2017_H29,1,0.0,1.0,1.5875331920819455,-3.236462256936398,18064.0,345.0,1.0
2017,2017_H30,1,0.0,0.0,-0.382867148766769,4.918774542000138,18064.0,345.0,1.0
2017,2017_H31,4,0.0,0.0,0.3372378158484627,-5.219754624921279,18064.0,345.0,1.0
2017,2017_H32,1,1.0,0.0,-0.04951933794250218,-2.6807198297154615,18064.0,345.0,1.0
2017,2017_H33,4,0.0,0.0,-1.026889738609049,-6.447632863215384,18064.0,345.0,1.0
2017,2017_H34,1,0.0,0.0,-1.529371705117365,0.017540757319802234,18064.0,345.0,1.0
2017,2017_H35,4,0.0,0.0,0.8534376527146189,-2.590848445453331,18064.0,345.0,1.0
2017,2017_H36,3,0.0,0.0,-0.7798393641463933,1.9325099681291622,18064.0,345.0,1.0
2017,2017_H37,3,0.0,0.0,0.5876750425777528,-0.7749128653740363,18064.0,345.0,1.0
2017,2017_H38,3,0.0,0.0,-0.047291507216996057,-5.429081276507191,18064.0,345.0,1.0
2017,2017_H39,1,0.0,0.0,-0.9062690073351785,-0.1966492663365271,18064.0,345.0,1.0
2017,2017_H40,4,0.0,0.0,0.6514930603433157,-5.407414873203229,18064.0,345.0,1.0
2017,2017_H41,4,1.0,0.0,0.08443522759795319,5.528424793314231,18064.0,345.0,1.0
2018,2018_H01,12,0.0,0.0,-0.7432748910532813,-5.647483231710017,18064.0,345.0,1.0
2018,2018_H02,10,0.0,0.0,-0.7215147364602021,2.916526993411556,18064.0,345.0,1.0
2018,2018_H03,11,1.0,0.0,0.43278009778072224,-4.856925859410216,18064.0,345.0,1.0
2018,2018_H04,10,0.0,0.0,1.861202786911729,-1.6012951606549832,18064.0,345.0,1.0
2018,2018_H05,11,0.0,0.0,-0.0310495089807992,0.7998087850363136,18064.0,345.0,1.0
2018,2018_H06,10,0.0,0.0,-1.0389265909571472,-7.787310530490885,18064.0,345.0,1.0
2018,2018_H07,12,0.0,0.0,-1.0119596684843548,-6.673545048792731,18064.0,345.0,1.0
2018,2018_H08,12,0.0,0.0,-1.3904357764629918,-1.773983265705474,18064.0,345.0,1.0
2018,2018_H09,11,0.0,0.0,-2.819569417798316,2.6331338450793735,18064.0,345.0,1.0
2018,2018_H10,10,1.0,0.0,-1.077923940876752,-1.4270791360792026,18064.0,345.0,1.0
2018,2018_H11,10,1.0,0.0,-0.9772578504980973,6.929195815230591,18064.0,345.0,1.0
2018,2018_H12,11,1.0,0.0,-0.8701723702042559,-9.46903568255907,18064.0,345.0,1.0
2018,2018_H13,11,0.0,0.0,-0.030903252586298,-0.42027178917242014,18064.0,345.0,1.0
2018,2018_H14,12,0.0,0.0,-0.038673379535105926,6.452810189015887,18064.0,345.0,1.0
2018,2018_H15,10,0.0,0.0,-0.13698902691779163,-3.831529755879433,18064.0,345.0,1.0
2018,2018_H16,10,1.0,0.0,-0.7424338157462491,-0.29325075961071184,18064.0,345.0,1.0
2018,2018_H17,10,0.0,0.0,0.6061067511550176,-0.5195777459203864,18064.0,345.0,1.0
2018,2018_H18,10,0.0,0.0,-0.7272544472524123,-4.739797798744259,18064.0,345.0,1.0
2018,2018_H19,10,0.0,0.0,-0.5487603374278119,1.1695066660478781,18064.0,345.0,1.0
2018,2018_H20,11,1.0,0.0,0.06712129942835174,-6.714302085703786,18064.0,345.0,1.0
2018,2018_H21,4,0.0,0.0,-0.2943536092178474,-10.376366389556555,18064.0,345.0,1.0
2018,2018_H22,1,1.0,0.0,-0.4243172724715942,-1.8680183005407,18064.0,345.0,1.0
2018,2018_H23,3,0.0,0.0,-0.2697003697288119,-2.7630590175743093,18064.0,345.0,1.0
2018,2018_H24,2,0.0,0.0,0.235589909011144,0.716094467388349,18064.0,345.0,1.0
2018,2018_H25,1,1.0,0.0,0.5523398924701125,-8.323008533969322,18064.0,345.0,1.0
2018,2018_H26,1,0.0,0.0,0.3833125924326753,-3.2682220329642515,18064.0,345.0,1.0
2018,2018_H27,2,0.0,0.0,0.6370583312163494,2.1531962204155515,18064.0,345.0,1.0
2018,2018_H28,1,0.0,0.0,1.1694709919931063,5.048357465214288,18064.0,345.0,1.0
2018,2018_H29,3,0.0,0.0,-1.5576786036041945,4.712724071140101,18064.0,345.0,1.0
2018,2018_H30,2,0.0,0.0,0.37720740310720396,-7.460858915397682,18064.0,345.0,1.0
2018,2018_H31,1,0.0,0.0,1.272591177882884,-1.854226770891965,18064.0,345.0,1.0
2018,2018_H32,1,0.0,0.0,-0.10335341582736501,-1.2076051103025565,18064.0,345.0,1.0
2018,2018_H33,4,0.0,0.0,-0.6944580741815911,2.1267917380638504,18064.0,345.0,1.0
2018,2018_H34,3,0.0,0.0,0.9948016575639254,-3.8618400651659037,18064.0,345.0,1.0
2018,2018_H35,4,1.0,0.0,0.7312429884948122,2.9207295311395898,18064.0,345.0,1.0
2018,2018_H36,4,0.0,0.0,-0.3094025555968319,1.8109613013119974,18064.0,345.0,1.0
2018,2018_H37,2,0.0,0.0,-1.6394593315431263,2.903358904485885,18064.0,345.0,1.0
2018,2018_H38,2,0.0,0.0,-1.697684363841418,-1.8255701236271502,18064.0,345.0,1.0
2018,2018_H39,1,0.0,0.0,-2.25501500646246,-1.6743674106852562,18064.0,345.0,1.0
2018,2018_H40,4,1.0,0.0,-0.6009466096658063,-0.07437985825150092,18064.0,345.0,1.0
2018,2018_H41,4,0.0,0.0,-2.7604178626541933,-0.6226827340331876,18064.0,345.0,1.0
2019,2019_H01,11,0.0,0.0,1.7007302070100299,5.675228395482402,18064.0,345.0,1.0
2019,2019_H02,10,1.0,0.0,0.30197600611542663,3.934726739972999,18064.0,345.0,1.0
2019,2019_H03,12,0.0,0.0,1.9574452148950907,-0.79633652865871,18064.0,345.0,1.0
2019,2019_H04,10,0.0,0.0,0.19848019378767898,6.716018470040284,18064.0,345.0,1.0
2019,2019_H05,10,0.0,0.0,-0.9666572174287505,-0.9301814786849756,18064.0,345.0,1.0
2019,2019_H06,11,1.0,0.0,0.78650572409622,5.226301884891392,18064.0,345.0,1.0
2019,2019_H07,10,0.0,0.0,0.3368524787764621,-3.293468229429074,18064.0,345.0,1.0
2019,2019_H08,10,0.0,0.0,1.0384799720234792,2.4698504207682412,18064.0,345.0,1.0
2019,2019_H09,11,1.0,0.0,1.028938452167321,-1.1997999821356011,18064.0,345.0,1.0
2019,2019_H10,10,1.0,0.0,-0.9116651509426222,-4.270677238419005,18064.0,345.0,1.0
2019,2019_H11,11,0.0,0.0,0.6754510653688304,1.3004387206452683,18064.0,345.0,1.0
2019,2019_H12,10,0.0,0.0,0.07286560094510024,-1.7563884409368333,18064.0,345.0,1.0
2019,2019_H13,11,0.0,0.0,0.9158328291770471,-3.1627649158910214,18064.0,345.0,1.0
2019,2019_H14,10,1.0,0.0,1.2112369053763345,11.192966946212566,18064.0,345.0,1.0
2019,2019_H15,12,1.0,0.0,1.5334586622826605,-0.6221740312231563,18064.0,345.0,1.0
2019,2019_H16,12,1.0,0.0,0.45151678053213146,-4.14574808909124,18064.0,345.0,1.0
2019,2019_H17,12,0.0,0.0,-0.7583765163118437,-0.7067354618555697,18064.0,345.0,1.0
2019,2019_H18,11,1.0,0.0,0.6191408790947098,-1.6745139935673705,18064.0,345.0,1.0
2019,2019_H19,10,0.0,0.0,-0.36171402567801186,-5.122077938939354,18064.0,345.0,1.0
2019,2019_H20,12,0.0,0.0,-0.7393074876302995,-1.7618589903257327,18064.0,345.0,1.0
2019,2019_H21,4,1.0,0.0,-1.595636178185236,-5.186029208127096,18064.0,345.0,1.0
2019,2019_H22,3,1.0,0.0,2.5323058327678063,4.778394462659973,18064.0,345.0,1.0
2019,2019_H23,3,0.0,0.0,2.057436169630336,-1.1687196338769503,18064.0,345.0,1.0
2019,2019_H24,1,1.0,0.0,0.49417549813294265,3.356665776612784,18064.0,345.0,1.0
2019,2019_H25,1,1.0,0.0,0.5659477888727499,3.4214491907361877,18064.0,345.0,1.0
2019,2019_H26,3,1.0,0.0,-0.7189463187258092,3.1885489674860414,18064.0,345.0,1.0
2019,2019_H27,1,1.0,0.0,-0.3412917681082754,-8.452409000935422,18064.0,345.0,1.0
2019,2019_H28,4,0.0,0.0,-0.7413836524403951,-1.650970463621697,18064.0,345.0,1.0
2019,2019_H29,1,0.0,0.0,1.2169471272315173,1.26673051163237,18064.0,345.0,1.0
2019,2019_H30,2,0.0,0.0,1.9798418298099358,0.11296561281375371,18064.0,345.0,1.0
2019,2019_H31,4,0.0,0.0,-1.2069044808967102,-2.509373215724995,18064.0,345.0,1.0
2019,2019_H32,1,1.0,0.0,0.34247549334155225,-7.551783266429389,18064.0,345.0,1.0
2019,2019_H33,3,0.0,0.0,-0.3136312391925775,-0.365215279706566,18064.0,345.0,1.0
2019,2019_H34,3,1.0,0.0,-0.6124714434041737,-8.413781954344438,18064.0,345.0,1.0
2019,2019_H35,4,0.0,0.0,1.9804950628846045,6.609087982724714,18064.0,345.0,1.0
2019,2019_H36,1,1.0,1.0,1.4427507882162613,-0.2806377722048447,18064.0,345.0,1.0
2019,2019_H37,4,0.0,0.0,0.09196189901829563,-2.1760745079402817,18064.0,345.0,1.0
2019,2019_H38,2,0.0,0.0,-1.0845991087272615,-1.8683185237025928,18064.0,345.0,1.0
2019,2019_H39,1,1.0,0.0,0.5323742791050526,3.54060910851731,18064.0,345.0,1.0
2019,2019_H40,3,0.0,0.0,-0.20715878280324507,4.591379204673826,18064.0,345.0,1.0
2019,2019_H41,4,1.0,0.0,1.5540176686087332,-3.388863798198219,18064.0,345.0,1.0
2020,2020_H01,11,1.0,0.0,-0.5200586652550714,7.451541145381205,18064.0,345.0,1.0
2020,2020_H02,12,1.0,0.0,0.66353962317159,3.031377380547635,18064.0,345.0,1.0
2020,2020_H03,10,0.0,0.0,-1.5740328423373253,3.7523750451523985,18064.0,345.0,1.0
2020,2020_H04,12,0.0,0.0,-0.9201395827356486,-10.384566476571614,18064.0,345.0,1.0
2020,2020_H05,11,1.0,0.0,-1.4977708516419035,-3.2445791053533917,18064.0,345.0,1.0
2020,2020_H06,11,0.0,0.0,1.5868994489785668,-0.9982737347174333,18064.0,345.0,1.0
2020,2020_H07,12,0.0,0.0,-0.9193842246262718,-6.089125792291245,18064.0,345.0,1.0
2020,2020_H08,11,0.0,0.0,-1.9773728166870077,3.4846140155960654,18064.0,345.0,1.0
2020,2020_H09,12,0.0,0.0,0.10572154469998292,3.158273670741873,18064.0,345.0,1.0
2020,2020_H10,12,0.0,0.0,0.3920676233884034,2.049334588412783,18064.0,345.0,1.0
2020,2020_H11,12,1.0,0.0,-0.2593164895494978,1.037733605802421,18064.0,345.0,1.0
2020,2020_H12,12,1.0,0.0,-1.211317540650674,-8.544434817894189,18064.0,345.0,1.0
2020,2020_H13,11,0.0,0.0,-0.08967541292646578,-3.591460429871949,18064.0,345.0,1.0
2020,2020_H14,11,1.0,0.0,0.5516582517062987,-3.6227090919444183,18064.0,345.0,1.0
2020,2020_H15,11,1.0,0.0,0.9788391733621384,12.858344414551464,18064.0,345.0,1.0
2020,2020_H16,12,1.0,0.0,0.7843283217692749,-5.7404965285878164,18064.0,345.0,1.0
2020,2020_H17,11,1.0,0.0,-0.029601283237510274,-4.8933926973987205,18064.0,345.0,1.0
2020,2020_H18,10,1.0,0.0,-2.10044024033736,-7.227391085366671,18064.0,345.0,1.0
2020,2020_H19,12,0.0,1.0,-0.18575998595359344,-8.869843474196973,18064.0,345.0,1.0
2020,2020_H20,10,1.0,0.0,0.5558655119913222,-0.3937393076391721,18064.0,345.0,1.0
2020,2020_H21,3,1.0,0.0,0.6312163709522058,-2.894644906049733,18064.0,345.0,1.0
2020,2020_H22,3,1.0,0.0,1.4483452917741528,1.100900191008466,18064.0,345.0,1.0
2020,2020_H23,1,0.0,0.0,0.938149339185143,-3.0075202180903835,18064.0,345.0,1.0
2020,2020_H24,4,1.0,0.0,0.7671486322996173,-2.5058518766384625,18064.0,345.0,1.0
2020,2020_H25,1,0.0,0.0,1.2104575895159044,-2.445665458350751,18064.0,345.0,1.0
2020,2020_H26,4,1.0,0.0,0.015385457163756576,0.5476898436761999,18064.0,345.0,1.0
2020,2020_H27,1,1.0,0.0,0.8129169716359846,-5.505568469624013,18064.0,345.0,1.0
2020,2020_H28,3,1.0,0.0,0.7729092902501778,1.267778599703588,18064.0,345.0,1.0
2020,2020_H29,2,0.0,0.0,1.7871422390260032,-4.635907416954314,18064.0,345.0,1.0
2020,2020_H30,4,0.0,0.0,0.744001107813199,-2.1866395285419293,18064.0,345.0,1.0
2020,2020_H31,2,0.0,0.0,-0.2779214813511223,0.6023556640063978,18064.0,345.0,1.0
2020,2020_H32,1,1.0,0.0,0.8771515220618357,-4.835091457708371,18064.0,345.0,1.0
2020,2020_H33,4,0.0,0.0,0.6647800644571485,-5.349325533735866,18064.0,345.0,1.0
2020,2020_H34,3,0.0,0.0,1.1346305008337747,11.564106909399312,18064.0,345.0,1.0
2020,2020_H35,1,0.0,0.0,0.7401991287406264,0.60498864250078,18064.0,345.0,1.0
2020,2020_H36,2,0.0,0.0,-1.319179576184154,5.276472987330574,18064.0,345.0,1.0
2020,2020_H37,1,0.0,0.0,0.18723336889944325,-3.3633599726309265,18064.0,345.0,1.0
2020,2020_H38,4,0.0,0.0,0.0357636741111941,2.4401913827829897,18064.0,345.0,1.0
2020,2020_H39,2,1.0,0.0,-2.133883900845073,4.50011791886671,18064.0,345.0,1.0
2020,2020_H40,3,0.0,0.0,0.06841056221032339,5.181478846773686,18064.0,345.0,1.0
2020,2020_H41,1,0.0,0.0,-0.18854986949598598,5.945485942757658,18064.0,345.0,1.0
2021,2021_H01,12,0.0,0.0,-1.100743499724022,6.300309180711594,18064.0,345.0,1.0
2021,2021_H02,11,1.0,0.0,-1.3002343643849232,-1.793665295282167,18064.0,345.0,1.0
2021,2021_H03,10,0.0,0.0,-0.42709868192105066,2.031603795486375,18064.0,345.0,1.0
2021,2021_H04,11,0.0,0.0,-0.6446264937163554,1.7751803758322169,18064.0,345.0,1.0
2021,2021_H05,11,1.0,0.0,-0.49214793537892493,0.33517240933605463,18064.0,345.0,1.0
2021,2021_H06,10,0.0,0.0,-0.5654899533243374,-2.1297255420007994,18064.0,345.0,1.0
2021,2021_H07,12,0.0,0.0,1.2018222319374203,2.944211298197743,18064.0,345.0,1.0
2021,2021_H08,10,0.0,0.0,-0.8253040317638951,4.04204796541146,18064.0,345.0,1.0
2021,2021_H09,11,0.0,0.0,1.7004401213924243,-9.771055910033704,18064.0,345.0,1.0
2021,2021_H10,10,0.0,0.0,0.6643129107943418,3.949336049422381,18064.0,345.0,1.0
2021,2021_H11,12,0.0,0.0,0.6530214357863233,-0.3893563476866196,18064.0,345.0,1.0
2021,2021_H12,11,0.0,0.0,-2.259497249109046,3.1689675978499614,18064.0,345.0,1.0
2021,2021_H13,10,0.0,0.0,-0.2286844248912001,-4.4439363554201226,18064.0,345.0,1.0
2021,2021_H14,12,1.0,0.0,-0.9127678975553941,-7.836471779765461,18064.0,345.0,1.0
2021,2021_H15,10,0.0,0.0,-0.15511095770740305,5.115129930656213,18064.0,345.0,1.0
2021,2021_H16,12,0.0,0.0,0.017960975134801903,-0.4664424048977733,18064.0,345.0,1.0
2021,2021_H17,10,0.0,0.0,-0.34143445445859266,-1.218808109779793,18064.0,345.0,1.0
2021,2021_H18,12,1.0,0.0,-0.9004082096051503,5.1400303003314365,18064.0,345.0,1.0
2021,2021_H19,10,0.0,0.0,-0.8254725722239247,1.7940197640444686,18064.0,345.0,1.0
2021,2021_H20,11,1.0,0.0,-0.4206814067973341,10.104447164985707,18064.0,345.0,1.0
2021,2021_H21,3,1.0,0.0,0.9591389238981252,-3.3113740352803327,18064.0,345.0,1.0
2021,2021_H22,4,0.0,0.0,0.43610206735723056,0.3058626591937543,18064.0,345.0,1.0
2021,2021_H23,2,0.0,0.0,-1.808476355740995,-1.1271632171034573,18064.0,345.0,1.0
2021,2021_H24,4,0.0,0.0,0.3718195687849371,-3.63028893713853,18064.0,345.0,1.0
2021,2021_H25,2,1.0,0.0,0.27267234629586407,-7.160030888679776,18064.0,345.0,1.0
2021,2021_H26,4,1.0,0.0,-1.0660658714998135,-10.208637620993617,18064.0,345.0,1.0
2021,2021_H27,1,1.0,0.0,0.6514051749001837,-6.858174041325676,18064.0,345.0,1.0
2021,2021_H28,2,1.0,0.0,-0.31973381221268193,-0.29906392767136425,18064.0,345.0,1.0
2021,2021_H29,2,0.0,0.0,0.19470634983327353,0.6217947569804745,18064.0,345.0,1.0
2021,2021_H30,2,1.0,0.0,0.5833396553323329,-1.2303616527263537,18064.0,345.0,1.0
2021,2021_H31,3,1.0,0.0,1.740855703809851,-9.91458251568733,18064.0,345.0,1.0
2021,2021_H32,3,0.0,0.0,0.8814816388012593,-1.7534609854249352,18064.0,345.0,1.0
2021,2021_H33,3,0.0,0.0,-1.3799287476073374,0.5947688584488474,18064.0,345.0,1.0
2021,2021_H34,1,0.0,0.0,-1.1090091065152694,-4.366705411641464,18064.0,345.0,1.0
2021,2021_H35,4,1.0,0.0,-0.8214870091691876,-3.451157094737669,18064.0,345.0,1.0
2021,2021_H36,4,0.0,0.0,0.8646525704751467,-1.8690733019472425,18064.0,345.0,1.0
2021,2021_H37,1,0.0,0.0,-2.230528902271529,3.749099409549576,18064.0,345.0,1.0
2021,2021_H38,4,0.0,0.0,0.48129366424513825,9.341624438006669,18064.0,345.0,1.0
2021,2021_H39,3,0.0,0.0,0.8692489864766937,5.789285137582186,18064.0,345.0,1.0
2021,2021_H40,2,1.0,0.0,-0.9532969230720043,-0.5484594866927079,18064.0,345.0,1.0
2021,2021_H41,4,0.0,0.0,-2.4053637930304905,-5.534037078710302,18064.0,345.0,1.0
2022,2022_H01,11,0.0,0.0,-0.22708709133068325,0.8306208657131219,18064.0,345.0,1.0
2022,2022_H02,12,0.0,0.0,-2.1393761696371945,-0.0008225695848033275,18064.0,345.0,1.0
2022,2022_H03,10,0.0,0.0,0.13251343514348632,1.1037991897313941,18064.0,345.0,1.0
2022,2022_H04,10,0.0,0.0,0.7925867232518442,1.7452813432549283,18064.0,345.0,1.0
2022,2022_H05,10,1.0,0.0,2.0398909593419425,11.54588824247541,18064.0,345.0,1.0
2022,2022_H06,10,0.0,0.0,2.5089944356323914,3.919493145924462,18064.0,345.0,1.0
2022,2022_H07,11,0.0,0.0,-0.20805683335943306,-2.7059714293836024,18064.0,345.0,1.0
2022,2022_H08,11,0.0,0.0,0.7449083585580341,-1.9907682634572086,18064.0,345.0,1.0
2022,2022_H09,10,1.0,0.0,-1.2021606868290806,-0.24794937190151695,18064.0,345.0,1.0
2022,2022_H10,10,1.0,0.0,1.0418155527215323,1.829624431555632,18064.0,345.0,1.0
2022,2022_H11,12,0.0,0.0,0.0591757301914933,-0.6366411533581494,18064.0,345.0,1.0
2022,2022_H12,10,1.0,0.0,-1.0842398092882488,6.703612931127721,18064.0,345.0,1.0
2022,2022_H13,11,0.0,0.0,-0.7487003905773738,-2.445730395200065,18064.0,345.0,1.0
2022,2022_H14,10,0.0,0.0,-0.7178430444883082,5.710655993918683,18064.0,345.0,1.0
2022,2022_H15,11,0.0,0.0,-2.272521930414174,-3.6549924636294753,18064.0,345.0,1.0
2022,2022_H16,10,0.0,0.0,1.0591579783713116,3.238799001328367,18064.0,345.0,1.0
2022,2022_H17,11,0.0,0.0,-0.7622552815679994,8.893167677833425,18064.0,345.0,1.0
2022,2022_H18,11,1.0,0.0,-0.510294319095114,5.280312805967789,18064.0,345.0,1.0
2022,2022_H19,10,0.0,0.0,1.2965732775797387,0.6970762738528951,18064.0,345.0,1.0
2022,2022_H20,12,0.0,1.0,-1.0587194727174403,0.26224541744690333,18064.0,345.0,1.0
2022,2022_H21,1,1.0,0.0,0.0961230399920905,11.70518660941468,18064.0,345.0,1.0
2022,2022_H22,2,0.0,0.0,-0.8510499946565668,-0.6089446598546735,18064.0,345.0,1.0
2022,2022_H23,1,0.0,0.0,1.0467243315836225,-2.452417508133276,18064.0,345.0,1.0
2022,2022_H24,3,0.0,0.0,-0.9262044968028467,2.6822041728829724,18064.0,345.0,1.0
2022,2022_H25,2,0.0,0.0,-1.0154339949061588,-1.863837382424287,18064.0,345.0,1.0
2022,2022_H26,4,0.0,0.0,-0.5933943528385258,-1.252200288289371,18064.0,345.0,1.0
2022,2022_H27,2,1.0,0.0,-1.1513858022379435,8.088578290894224,18064.0,345.0,1.0
2022,2022_H28,1,1.0,0.0,-0.3743492453270371,-4.040787616826988,18064.0,345.0,1.0
2022,2022_H29,3,1.0,0.0,-0.004965401502279523,-0.41058702465949887,18064.0,345.0,1.0
2022,2022_H30,4,0.0,0.0,-0.8551126902915559,-2.738679374067697,18064.0,345.0,1.0
2022,2022_H31,4,0.0,0.0,0.6407287504805665,4.483886671209366,18064.0,345.0,1.0
2022,2022_H32,3,0.0,0.0,1.1737275326239913,5.683189622730297,18064.0,345.0,1.0
2022,2022_H33,4,0.0,0.0,-0.1456825059189122,-0.8706595753663117,18064.0,345.0,1.0
2022,2022_H34,4,0.0,0.0,0.20942904726834088,-2.652794960849571,18064.0,345.0,1.0
2022,2022_H35,4,1.0,0.0,-1.7415144478985787,-4.4527215290160385,18064.0,345.0,1.0
2022,2022_H36,4,0.0,0.0,0.9900265894080504,-0.4016323749795572,18064.0,345.0,1.0
2022,2022_H37,1,0.0,0.0,0.40235649697613907,-1.2378900025376915,18064.0,345.0,1.0
2022,2022_H38,4,0.0,0.0,-0.2048328095470091,-0.16187478630906832,18064.0,345.0,1.0
2022,2022_H39,1,0.0,0.0,-1.4581474413366173,-5.985548447074892,18064.0,345.0,1.0
2022,2022_H40,3,0.0,0.0,-1.5201744315757593,3.2681608301506087,18064.0,345.0,1.0
2022,2022_H41,1,1.0,0.0,-0.6759908391368861,-1.686888562424746,18064.0,345.0,1.0
2023,2023_H01,11,0.0,0.0,1.1822168380402336,6.062391029565829,18064.0,345.0,1.0
2023,2023_H02,11,1.0,0.0,1.361921431780073,3.3069389490017675,18064.0,345.0,1.0
2023,2023_H03,12,1.0,0.0,-0.38312626500769986,4.556304274509849,18064.0,345.0,1.0
2023,2023_H04,12,0.0,0.0,1.4442989994390623,3.330021549031689,18064.0,345.0,1.0
2023,2023_H05,11,0.0,0.0,1.0625342393353856,1.7051790548634784,18064.0,345.0,1.0
2023,2023_H06,11,0.0,0.0,-0.6755894506677215,-2.2828956478915456,18064.0,345.0,1.0
2023,2023_H07,10,1.0,0.0,1.1922021328513417,-2.4245279260353416,18064.0,345.0,1.0
2023,2023_H08,10,0.0,0.0,2.0280348109104995,-2.257188030487666,18064.0,345.0,1.0
2023,2023_H09,12,0.0,0.0,-0.7050500896806735,3.952267872941331,18064.0,345.0,1.0
2023,2023_H10,11,0.0,0.0,-0.9229509153903888,0.8929543426242956,18064.0,345.0,1.0
2023,2023_H11,10,0.0,0.0,0.3306255560142178,-0.46745819702674934,18064.0,345.0,1.0
2023,2023_H12,12,0.0,0.0,1.3841716005395124,-0.2617314421944301,18064.0,345.0,1.0
2023,2023_H13,11,0.0,0.0,0.8939905665405024,6.335078204766958,18064.0,345.0,1.0
2023,2023_H14,11,0.0,0.0,-0.6003963897579253,-2.6882305209203134,18064.0,345.0,1.0
2023,2023_H15,10,0.0,0.0,1.3980509406964945,2.092152277093481,18064.0,345.0,1.0
2023,2023_H16,10,0.0,0.0,1.5167710347839571,0.8240027226555293,18064.0,345.0,1.0
2023,2023_H17,11,0.0,0.0,-1.4378028681905122,7.957951905070497,18064.0,345.0,1.0
2023,2023_H18,10,0.0,0.0,1.2318415654122892,2.928659557819373,18064.0,345.0,1.0
2023,2023_H19,12,0.0,0.0,-0.20003045039326856,0.42583859973073296,18064.0,345.0,1.0
2023,2023_H20,11,1.0,0.0,-0.5307436711234165,-0.1631414879432738,18064.0,345.0,1.0
2023,2023_H21,2,0.0,0.0,0.258488139526861,-4.5347640299037755,18064.0,345.0,1.0
2023,2023_H22,2,0.0,0.0,0.8398557752082007,-0.2880509022884544,18064.0,345.0,1.0
2023,2023_H23,1,1.0,0.0,-0.6031292426481158,3.112040348961826,18064.0,345.0,1.0
2023,2023_H24,3,1.0,0.0,-2.585562179123786,-3.7803206073511078,18064.0,345.0,1.0
2023,2023_H25,1,1.0,0.0,0.25769587977073977,-7.06342044814693,18064.0,345.0,1.0
2023,2023_H26,2,1.0,0.0,1.8070769951881158,0.14287521561987543,18064.0,345.0,1.0
2023,2023_H27,2,1.0,0.0,0.8833210589564918,13.511396628462107,18064.0,345.0,1.0
2023,2023_H28,4,1.0,0.0,1.2637035181531975,2.7104364685408298,18064.0,345.0,1.0
2023,2023_H29,2,0.0,0.0,-1.2345748994697192,-1.0533245283152104,18064.0,345.0,1.0
2023,2023_H30,3,1.0,0.0,0.8829096607766574,2.079928327154818,18064.0,345.0,1.0
2023,2023_H31,2,0.0,0.0,-1.289371413960456,0.30740334131605684,18064.0,345.0,1.0
2023,2023_H32,2,1.0,0.0,-1.3077856280692512,-6.329732357509705,18064.0,345.0,1.0
2023,2023_H33,1,0.0,0.0,-1.6351369290692526,0.9112973189083164,18064.0,345.0,1.0
2023,2023_H34,3,1.0,0.0,2.0071409631828265,-7.487648996161914,18064.0,345.0,1.0
2023,2023_H35,1,1.0,0.0,-0.3269979387077995,8.545848516697765,18064.0,345.0,1.0
2023,2023_H36,4,0.0,0.0,-1.1561948693340067,-6.584699799334698,18064.0,345.0,1.0
2023,2023_H37,2,0.0,0.0,-1.3717023702861768,-4.926981288631555,18064.0,345.0,1.0
2023,2023_H38,3,0.0,0.0,0.5772667725251409,-3.2161104180199462,18064.0,345.0,1.0
2023,2023_H39,3,0.0,0.0,-1.7830817487195436,-1.5603187522435504,18064.0,345.0,1.0
2023,2023_H40,1,0.0,0.0,-2.138931868967707,-1.4150736073306063,18064.0,345.0,1.0
2023,2023_H41,3,0.0,0.0,-2.190782661253991,13.066606727821348,18064.0,345.0,1.0
2024,2024_H01,10,0.0,0.0,0.9569708708011316,6.170990352671952,18064.0,345.0,1.0
2024,2024_H02,11,0.0,0.0,-1.1614176626879231,3.132793939930357,18064.0,345.0,1.0
2024,2024_H03,12,1.0,0.0,2.8288986337162725,3.5405101098033462,18064.0,345.0,1.0
2024,2024_H04,11,0.0,0.0,1.4675028234118994,7.949345790744982,18064.0,345.0,1.0
2024,2024_H05,12,1.0,0.0,-1.2024620437425992,-0.8865640343181792,18064.0,345.0,1.0
2024,2024_H06,10,1.0,0.0,0.09193878115026889,-4.956992328840905,18064.0,345.0,1.0
2024,2024_H07,12,0.0,0.0,1.9307270485184007,6.488132848754725,18064.0,345.0,1.0
2024,2024_H08,11,1.0,0.0,-0.7797131446903424,-1.6844851204743507,18064.0,345.0,1.0
2024,2024_H09,11,0.0,0.0,-1.2416605775709948,-1.3949036415011253,18064.0,345.0,1.0
2024,2024_H10,12,1.0,0.0,-0.7520968891009723,1.1293974795691444,18064.0,345.0,1.0
2024,2024_H11,12,0.0,0.0,-1.235849520341746,7.273760407048019,18064.0,345.0,1.0
2024,2024_H12,11,0.0,0.0,-0.7162929691373378,3.5244581717159336,18064.0,345.0,1.0
2024,2024_H13,11,1.0,0.0,0.8013983475373727,1.4549681909971968,18064.0,345.0,1.0
2024,2024_H14,12,0.0,0.0,-0.4043678231128611,-8.60622795026977,18064.0,345.0,1.0
2024,2024_H15,10,0.0,0.0,-1.422332690064836,-0.7234059951997078,18064.0,345.0,1.0
2024,2024_H16,10,1.0,0.0,0.45323930641573995,-7.1006128553243855,18064.0,345.0,1.0
2024,2024_H17,12,0.0,0.0,0.7464934250784422,8.531810136934123,18064.0,345.0,1.0
2024,2024_H18,11,1.0,0.0,1.4650063896361285,-7.570538682206354,18064.0,345.0,1.0
2024,2024_H19,12,1.0,0.0,-2.7802932151547175,13.254023695423786,18064.0,345.0,1.0
2024,2024_H20,11,0.0,0.0,0.16900864759315984,-1.072497261266002,18064.0,345.0,1.0
2024,2024_H21,3,0.0,0.0,-1.4832864375412333,-3.4074699133339696,18064.0,345.0,1.0
2024,2024_H22,1,0.0,0.0,0.07975025742709378,11.746108429489999,18064.0,345.0,1.0
2024,2024_H23,2,0.0,0.0,0.2593323919535436,-9.581589479667334,18064.0,345.0,1.0
2024,2024_H24,4,1.0,0.0,-0.9428027674786568,2.6533758700071592,18064.0,345.0,1.0
2024,2024_H25,1,0.0,0.0,-0.34824927418715956,-2.571168173233602,18064.0,345.0,1.0
2024,2024_H26,1,0.0,0.0,-0.5774256966270559,-4.535514019196105,18064.0,345.0,1.0
2024,2024_H27,2,0.0,0.0,-0.10001541175059649,5.141412312248902,18064.0,345.0,1.0
2024,2024_H28,2,1.0,0.0,-0.034730271064206376,-0.860219854395289,18064.0,345.0,1.0
2024,2024_H29,2,0.0,0.0,-0.9066727843825847,-5.017077552505374,18064.0,345.0,1.0
2024,2024_H30,1,0.0,0.0,-0.39899901500045487,-0.9872485821803885,18064.0,345.0,1.0
2024,2024_H31,4,0.0,0.0,1.644575629197004,2.53493204793278,18064.0,345.0,1.0
2024,2024_H32,4,0.0,0.0,1.489635951913291,-1.2424376272248336,18064.0,345.0,1.0
2024,2024_H33,4,1.0,0.0,2.705506369509455,-6.117672308029074,18064.0,345.0,1.0
2024,2024_H34,3,1.0,0.0,0.4211275777094194,3.8260621785844013,18064.0,345.0,1.0
2024,2024_H35,1,0.0,0.0,0.4174117281438917,-4.440024678093765,18064.0,345.0,1.0
2024,2024_H36,3,0.0,0.0,-0.14626827269219284,0.7488781924173159,18064.0,345.0,1.0
2024,2024_H37,4,0.0,0.0,-1.4509086898153556,10.133877109202718,18064.0,345.0,1.0
2024,2024_H38,2,1.0,0.0,-0.36653039160670736,-0.45653333367115406,18064.0,345.0,1.0
2024,2024_H39,4,1.0,0.0,0.42143998639528435,-8.605312190384122,18064.0,345.0,1.0
2024,2024_H40,4,0.0,0.0,-1.8932899501520968,5.098388108170459,18064.0,345.0,1.0
2024,2024_H41,4,0.0,0.0,-0.11441521971153995,7.035078700111558,18064.0,345.0,1.0
2025,2025_H01,11,0.0,0.0,1.5019546519282645,-1.010492724162726,18064.0,345.0,1.0
2025,2025_H02,11,1.0,0.0,0.11797722239794746,-2.2837767400241384,18064.0,345.0,1.0
2025,2025_H03,11,0.0,0.0,0.8969312703305735,-6.433418997832165,18064.0,345.0,1.0
2025,2025_H04,12,0.0,0.0,-2.65516197132188,-0.030715766768662046,18064.0,345.0,1.0
2025,2025_H05,11,1.0,0.0,1.581551798649239,-5.742905435203337,18064.0,345.0,1.0
2025,2025_H06,12,1.0,0.0,0.11919692046819659,7.923654587957833,18064.0,345.0,1.0
2025,2025_H07,10,0.0,0.0,-0.06816737185530974,6.320642152236146,18064.0,345.0,1.0
2025,2025_H08,12,1.0,0.0,0.05014367071243192,-0.5785022005758925,18064.0,345.0,1.0
2025,2025_H09,12,1.0,0.0,1.8782758714692014,-5.814545593961846,18064.0,345.0,1.0
2025,2025_H10,10,0.0,0.0,0.7468198607642406,3.297797159391489,18064.0,345.0,1.0
2025,2025_H11,11,1.0,0.0,0.024582120939776186,-8.603437750265062,18064.0,345.0,1.0
2025,2025_H12,11,0.0,0.0,0.821399594139533,-2.463843974061771,18064.0,345.0,1.0
2025,2025_H13,12,0.0,0.0,0.021189653318113826,10.93990932265356,18064.0,345.0,1.0
2025,2025_H14,11,0.0,0.0,-0.36446034394198246,3.763483632284421,18064.0,345.0,1.0
2025,2025_H15,12,0.0,0.0,-0.16962420039136794,-10.107761718517207,18064.0,345.0,1.0
2025,2025_H16,10,0.0,0.0,-0.29105534618990875,-2.2531966751228882,18064.0,345.0,1.0
2025,2025_H17,11,0.0,0.0,-0.04080209072452791,0.5239777035430137,18064.0,345.0,1.0
2025,2025_H18,12,0.0,1.0,-1.2496713584632424,-1.150206075472426,18064.0,345.0,1.0
2025,2025_H19,11,1.0,0.0,-0.5250016779687878,5.5167653866878785,18064.0,345.0,1.0
2025,2025_H20,11,0.0,0.0,-0.3052563851455138,1.136793425048575,18064.0,345.0,1.0
2025,2025_H21,4,0.0,0.0,-0.8511711525341055,-5.174567204069842,18064.0,345.0,1.0
2025,2025_H22,1,1.0,0.0,-0.8615483089052315,1.546080256001171,18064.0,345.0,1.0
2025,2025_H23,2,0.0,0.0,0.41142057487189804,-3.7402659034093784,18064.0,345.0,1.0
2025,2025_H24,2,1.0,0.0,1.6775191154460816,1.6502698210605413,18064.0,345.0,1.0
2025,2025_H25,3,1.0,0.0,-0.9150257554434591,-4.689710163960808,18064.0,345.0,1.0
2025,2025_H26,2,1.0,0.0,0.8824491394473416,-4.1897214737613275,18064.0,345.0,1.0
2025,2025_H27,2,0.0,0.0,-0.5084857091926813,0.9605125150512237,18064.0,345.0,1.0
2025,2025_H28,3,0.0,0.0,-0.8367857772429679,-2.6173159478206998,18064.0,345.0,1.0
2025,2025_H29,3,1.0,0.0,-0.5299586860696227,-2.815967642385695,18064.0,345.0,1.0
2025,2025_H30,2,0.0,0.0,0.6559301183529251,0.9474521850176488,18064.0,345.0,1.0
2025,2025_H31,3,0.0,0.0,1.4474041493565695,1.3835555801242985,18064.0,345.0,1.0
2025,2025_H32,1,0.0,0.0,-0.12705944813917863,-0.3447387031439933,18064.0,345.0,1.0
2025,2025_H33,4,0.0,0.0,0.8806244618726567,-1.9357516484109074,18064.0,345.0,1.0
2025,2025_H34,2,0.0,0.0,-0.25517146104015803,-1.1403959443721843,18064.0,345.0,1.0
2025,2025_H35,3,1.0,0.0,-0.9310420569169968,1.453166479496998,18064.0,345.0,1.0
2025,2025_H36,4,0.0,0.0,-0.37665480890873254,-2.8695620282049115,18064.0,345.0,1.0
2025,2025_H37,1,1.0,0.0,-1.0580507513790518,7.616590233250813,18064.0,345.0,1.0
2025,2025_H38,4,0.0,0.0,-0.45296373730993883,3.9153743773154304,18064.0,345.0,1.0
2025,2025_H39,1,0.0,0.0,-0.4097464653141918,-1.6270498447484067,18064.0,345.0,1.0
2025,2025_H40,2,1.0,0.0,0.09942269056475599,-10.675769538593403,18064.0,345.0,1.0
2025,2025_H41,1,1.0,0.0,-0.4128504662929992,-5.781053183712414,18064.0,345.0,1.0
